<ROOT>
  <m2MFile>D:\1. Projects\12. SolidEdge\02. bec-automation\1 Latest Code\bec-automation\SolidEdgeApp\SolidEdgeApp\AppResources\Excel Templates\Other Files\RPIMAS (1).csv</m2MFile>
  <propseedFile>D:\1. Projects\12. SolidEdge\02. bec-automation\1 Latest Code\bec-automation\SolidEdgeApp\SolidEdgeApp\AppResources\Excel Templates\Other Files\propseed-seadmin.txt</propseedFile>
  <authorFile>
  </authorFile>
  <virtualAssemblyOutputDirec>
  </virtualAssemblyOutputDirec>
  <becMaterialExcelPath>D:\1. Projects\12. SolidEdge\02. bec-automation\1 Latest Code\bec-automation\SolidEdgeApp\SolidEdgeApp\AppResources\Excel Templates\BEC_Material.xltx</becMaterialExcelPath>
  <interferenceExcludeMaterialExcelPath>
  </interferenceExcludeMaterialExcelPath>
  <baselineDirectoryPath>
  </baselineDirectoryPath>
  <mtcMtrReportsExportDirLocation>C:\Users\rekhab\Desktop\BEC Automation Updates\04 output\mtc</mtcMtrReportsExportDirLocation>
  <rawMaterialEstimationReportDirPath>
  </rawMaterialEstimationReportDirPath>
  <rawMaterialBomExcelPath>
  </rawMaterialBomExcelPath>
  <solidEdgePartTemplateDirectory>D:\1. Projects\12. SolidEdge\02. bec-automation\1 Latest Code\bec-automation\SolidEdgeApp\SolidEdgeApp\AppResources\Excel Templates\Part Template</solidEdgePartTemplateDirectory>
  <RoutingSequenceOutputDirectory>C:\Users\rekhab\Desktop\BEC Automation Updates\04 output\routing</RoutingSequenceOutputDirectory>
  <MTCExcelPath>D:\1. Projects\12. SolidEdge\02. bec-automation\1 Latest Code\bec-automation\SolidEdgeApp\SolidEdgeApp\AppResources\Excel Templates\MTC_BEC_TEMPLATE.xltx</MTCExcelPath>
  <MTRExcelPath>
  </MTRExcelPath>
  <RoutingSequenceExcelPath>D:\1. Projects\12. SolidEdge\02. bec-automation\1 Latest Code\bec-automation\SolidEdgeApp\SolidEdgeApp\AppResources\Excel Templates\Routing_Sequence_Report.xltx</RoutingSequenceExcelPath>
  <EmployeeExcelPath>D:\1. Projects\12. SolidEdge\02. bec-automation\1 Latest Code\bec-automation\SolidEdgeApp\SolidEdgeApp\AppResources\Excel Templates\Other Files\Author's list 1.xltx</EmployeeExcelPath>
  <AutoSaveAuthor>True</AutoSaveAuthor>
  <LogOutputDirectory>C:\Users\rekhab\Desktop\BEC Automation Updates\03 tool setup config\Employee excel</LogOutputDirectory>
</ROOT>